handle,full_name,followers,website,location,dm,sent,replied
artrenovation_s2,ART renovation,22177,https://artrenovationsatl.com/,,Saw your luxury remodel work in Atlanta - the custom cabinet pieces are really sharp. We've been helping kitchen remodelers like you get booked solid with high-end clients through a system that's pretty different from typical marketing. Would it make sense to grab 15 minutes and see if it could work for ART Renovation.,no,no
legioncustomhomebuilders,Legion Custom Home Builders,2493,https://www.houzz.com/pro/legionbuilder/legion-custom-home-builders,,"Legion, I noticed you're building luxury homes in Houston with a solid team and client base. We've been helping custom builders fill their pipeline with high-value projects through a system that brings qualified leads directly to you—would that be worth a quick conversation to see if it makes sense.",no,no
yab_construction_dallas,YAB Construction | Remodelling,2234,https://yabconstruction.com/,,"Hey, I noticed YAB Construction does kitchen remodels in Dallas and you're taking free estimate calls. We've been helping remodelers in your area fill their pipeline with high-ticket kitchen projects so they're not chasing every lead that comes in. Would it make sense to grab 15 minutes and see if this could work for you.",no,no
timberline_kitchens,Timberline Kitchen & Bath,1796,http://www.timberlinekitchens.com/,,"Timberline, I came across your profile and noticed you've been family-owned since '81 with solid ratings—clearly you know how to do quality work. We've been helping remodelers like you stay fully booked with high-end clients through a system that's pretty different from typical marketing. Would it make sense to grab 15 minutes and see if it's a fit?",no,no
modular_remodeling,Modular Remodeling and Design,1652,https://modularremodeling.com/,,"Hey Modular Remodeling, I noticed you're running kitchen and bath remodels in the Bay Area. We work with contractors like you to fill the pipeline with high-value clients through a system that's been tested with remodelers—would it make sense to hop on a quick call and see if it's a fit.",no,no
norfolkkitchenandbath,Norfolk Kitchen & Bath,1601,https://linktr.ee/NorfolkKitchenAndBath,,"Norfolk Kitchen & Bath has built something impressive over nearly 90 years, but I'm guessing with 6 showrooms you're probably turning away leads instead of struggling to find them. We work with high-end remodelers to fill their pipeline with qualified clients who are ready to move forward—and we only get paid if it actually works. Would it make sense to spend 15 minutes seeing if there's an opportunity here?",no,no
backconstruction,BACK Construction,1514,https://linktr.ee/backconstruction,,"BACK Construction caught my eye - the architect-led approach to design-build really stands out in the remodeling space. We've been working with kitchen remodelers to fill their pipeline with high-value clients through a system that guarantees results or they don't pay, and I thought it might be worth exploring if that could work for you. Would a quick conversation make sense?",no,no
edmondkitchen,Edmond Kitchen & Bath LLC,1508,http://edmondkitchen.com/,,"Edmond, I noticed you're positioning Edmond Kitchen & Bath as a turnkey design-build studio—that's a strong angle. We've been helping remodelers like you fill their pipeline with high-value clients through a done-for-you system, and we only get paid if we deliver results. Would it be worth a quick conversation to see if this could work for your business?",no,no
elliotthomesltd,ELLIOTT HOMES LTD.,1462,http://elliotthomesltd.com/,,"Hey Elliott, saw your kitchen renovation work and noticed you're doing custom builds in the area. We've been helping remodelers like you stay fully booked with high-value clients through a done-for-you system that guarantees results. Would it make sense to chat for 15 minutes about how that could work for ELLIOTT HOMES.",no,no
flanderswoodfloors,Construction Company,1373,http://www.flanderswoodfloors.com/,,Hi Flanders - Saw you guys do kitchen and bathroom work alongside the flooring. We've been helping remodelers in your area book high-value jobs consistently through a system that just handles the client acquisition piece. Would it make sense to grab 15 min and see if it's a fit.,no,no
zeusdesignbuild,Jesse Rozay,1096,http://zeusdesignbuild.com/,,"Jesse, I've been following Zeus Design Build and love how you're positioning around the California living aesthetic. We work with kitchen remodelers to consistently fill their pipeline with high-end clients who actually want what they're building. Would it make sense to chat for 15 minutes about how that could work for your business.",no,no
mysocalbuilders,So Cal Builders & Design,1008,http://www.mysocalbuilders.com/,,"So Cal Builders, I've been following your work and noticed you're doing solid kitchen and remodel projects across California. We've had success helping remodelers like you consistently fill the pipeline with high-ticket clients who are ready to move forward. Would you be open to a quick conversation about how we're doing it?",no,no
sunbeltrenewablellc,Sunbelt Renewable LLC,993,,,I noticed you're doing custom renovations in Arizona and positioning around the vision piece—that resonates with high-end clients. We've been helping remodelers like you get consistently booked with those premium projects through a system that handles the lead flow part. Would it make sense to grab 15 minutes and see if there's a fit.,no,no
mrkitchenfl,Mr.Kitchen | Custom Luxury Home Renovations,980,https://linktr.ee/mr.kitchenfl,,"Mr.Kitchen - I noticed you've been consistently transforming homes in South Florida since 2005, which tells me you've got the craft dialed in. We work with luxury remodelers to fill their pipeline with high-value clients through a system that's pretty much on autopilot once it's set up. Would it be worth a quick conversation to see if this could work for your business.",no,no
carpentrytime,"Carpentry Time, Inc.",930,http://www.carpentrytimeinc.com/,,"Carpentry Time, I noticed you're doing high-end cabinetry and countertops in Palm Beach—that's a market where the right clients can transform a business. We've been helping kitchen remodelers in similar areas get consistently booked with premium projects, and we only get paid if we deliver results. Would it be worth a brief conversation to see if this could work for you?",no,no
superiorcontractingaz,SUPERIOR CONTRACTING,866,,,"Superior Contracting, I noticed you're handling both residential and commercial remodels across Phoenix - that's a solid positioning. We work with remodelers to consistently fill their pipeline with qualified clients who actually convert, and we only get paid if we deliver results. Would you be open to a quick conversation about how that might work for your business.",no,no
central_valley_construction,Central Valley Construction,591,http://www.cvcfresno.net/,,"Central Valley, I noticed you're positioning around quality and dependability—that's exactly what high-value clients are looking for. We've been helping remodelers in your space get consistently booked with those types of clients through a pretty straightforward system. Would it make sense to grab 15 minutes and see if it could work for you.",no,no
tmakrestoration,TMAK Restoration | Get TMAK’D!,590,https://tmakrestorations.com/,,"TMAK, I noticed you've been doing kitchen and bath work for 30 years in Cleveland - that's serious credibility. We work with remodelers to fill their pipeline with high-ticket clients who are ready to go, and we only get paid if we deliver results. Would something like that be worth a quick conversation.",no,no
knremodelinginc,KN Remodeling,515,https://kn-remodeling.com/,,KN Remodeling looks solid - kitchen and bathroom work seem to be where you're focusing. We've been helping remodelers like you fill their schedules with high-ticket jobs through a system that actually converts. Would it make sense to grab 15 minutes and see if it's a fit?,no,no
ecadhomes,ECAD HOMES,485,https://ecadhomes.ca/,,"Hi ECAD, I noticed you're doing custom builds in the GTA and I'm curious if you're looking to fill your pipeline with higher-ticket remodel projects. We've built a system specifically for builders like you to land consistent qualified leads without the typical marketing headaches. Would it make sense to chat for 10 minutes about how this could work for your business.",no,no
iremodelhomerenovation,iRemodel Home Renovation Toronto,450,https://www.iremodel.ca/,,"Cohen, I've been following iRemodel and noticed you're doing solid custom kitchen work in Toronto. We've been helping remodelers like you fill their pipeline with high-value clients through a system that guarantees results—or you don't pay. Would something like that be worth a quick conversation?",no,no
newform_kitchen,Luxury Kitchen & Bath & Closets,394,https://linktr.ee/newform_furniture,,Hi Luxury Kitchen & Bath & Closets - noticed you're serving the OC/LA/SD area and doing beautiful custom work. We've been helping remodelers in your space get consistently booked with higher-ticket clients through a done-for-you system that guarantees results. Would it make sense to spend 15 minutes seeing if there's a fit.,no,no
brucksch_and_sons,Brucksch & Sons Remodeling,316,http://bruckschandsons.com/,,"Hey Brucksch & Sons, I noticed you're doing high-end kitchen and bath work in the Annapolis area. We've been helping remodelers like you fill their pipeline with qualified clients who actually want to invest in quality work. Worth a quick conversation to see if it could be a fit.",no,no
jakejimcoconstruction,"Jake Short, Jimco Construction",312,https://linktr.ee/jimco.construction?utm_source=linktree_admin_share,,"Jake, noticed you're focused on bringing visions to life for clients—curious if you're looking to fill your pipeline with higher-end remodeling projects right now. We work with contractors to systematize their client acquisition so they're consistently booked without relying on referrals. Would it make sense to grab 15 minutes and explore if there's a fit.",no,no
lucidhomedesigns,Lucid Home Designs,288,,,"Hi Lucid,

I noticed you're positioning as the contractor with an interior design eye, which is perfect for high-end remodels. We work with kitchen remodelers to fill their pipeline with clients who actually value that craftsmanship and design—and we only get paid if it works.

Would you be open to a quick conversation about how this could look for your business.",no,no
honeycutt.group,Honeycutt Group | Kitchen & Bath Remodel | Flooring | Salisbury,207,https://m.mtrbio.com/honeycutt-group,,"Cohen - saw you guys do solid work across kitchen remodels, bathrooms, and flooring in the Salisbury area. We've been helping remodelers like you consistently fill their pipeline with higher-ticket jobs through a system that actually works. Would it make sense to grab 15 minutes and see if there's a fit.",no,no
