handle,full_name,bio,followers,website,location,recent_caption
idealdesign.usa,Ideal Custom Design,"Florida 📍 
Crafting bespoke furniture & cabinets from Turkey for homes across USA 🇺🇸. Let's reshape your home together! 🏡✨ #IdealFurniture #HomeDecor",86462,https://www.facebook.com/share/1HceVmvbqR/?mibextid=wwXIfr,,"🚐✨ Transform Your Space with Ideal Custom Cabinet! ✨🚐

Looking to upgrade your home or business? We specialize in high-quality custom cabinetry and interior solutions designed to fit your style and needs.

✅ Custom Kitchens
✅ Custom Closets
✅ Vanities
✅ Murphy Beds
✅ Flooring Installation

📧 idealfu"
pickaboo.bangladesh,Pickaboo,Official page of Pickaboo.com. Your trusted online shopping destination! 🛒🛍️,34471,http://www.pickaboo.com/,,"✨❄️Upgrade your kitchen with the perfect refrigerator - Discover amazing deals on top refrigerator brands including Haier, Whirlpool & Hitachi.

✅ Official Warranty
✅ Next-Day Delivery Available
✅ Energy Efficient Models
✅ Multiple Sizes & Designs to Match Your Home

Keep your food fresher for longe"
artrenovation_s2,ART renovation,"🛠️ Custom 3D Cabinets & Closets
✨ Luxury Interior Remodeling
📍 Georgia
📲 Bringing your vision to life 👇",22177,https://artrenovationsatl.com/,,"🔥 The previous design in 3D models for your kitchen remodeling.

😎 We are Art Renovations 

#Artrenovations #AtlantaGA #Kitchenremodeling"
dawhuplex_limited,Dawhuplex Interiors Limited,"We Design, install and build
Modern TV wall units
Gypsum wallpapers 
Wall/Grass carpet
Cabinets
Modern Gypsum
Wainscoting
house/office interior",19918,,,"A well-designed kitchen blends functionality, style, and smart space planning to create a cooking area that feels organized, modern, and enjoyable to use every day.

📞 Contact us today to transform your space with professional kitchen design and installation services.

Phone: +254 792 588116
Email: "
canova_official,Canova,Made in Italy custom millwork for residential single and multi-units. // Artigianato industriale,18124,http://www.canova.com/,,
uniqly.in,,"Uniq products for Uniq people. Shop our carefully curated collection of one-of-a-kind products, and home decor items that reflect ur individuality.",14048,http://www.uniqly.in/,,"✨ Turn your air fryer into a multi-level cooking machine

Get perfectly crispy snacks, dried fruits, veggies, and more with this durable 304 Stainless Steel Dehydration Rack

✔ More Cooking Capacity
✔ Easy to Clean
✔ Durable & Rust Resistant

Make every meal faster and better🍽️

#AirFryerAccessories"
themecca_store,The Mecca Store,"🤝Dealers in Household appliances
📍 WESTLANDS COMMERCIAL CENTRE 
📲DM or CALL us on: +254735280469/0715838556",7471,https://meccastore.co.ke/,,"✨ ARSHIA HONEYCOMB COOKWARE SET – KSh 60,000 ✨

The difference between an ordinary kitchen and a dream kitchen is the cookware you use every day.

This premium 9-piece Arshia Honeycomb Set gives you everything you need for daily cooking, family meals, and entertaining guests.

🍲 What's Included:
✔ 2"
aruma.dnb,aruma.dnb,"Membangun cerita melalui ruang
Interior Design | Build | Styling
📍 Bogor  | 📞 Konsultasi",5099,https://tinyurl.com/OrderArumadnb,,"Contemporary lines. Industrial soul.
A kitchen that blends raw textures with modern sophistication.
#kitchendesignbuild #IndustrialStyle #ContemporaryKitchen #industrialkitchen #kitchensetbogor #kitchensetjakarta"
letstalkkitchensandinteriors,Lets Talk Kitchens & Interiors,"Award-winning interior design firm 🏆 
We specialise in domestic interior renovations.
Design 📏 Construct 🔨 Project Manage 💻 
Est. 1972. #ltki",4441,https://www.ltki.com.au/,,"Soft curves, warm timber tones, and natural textures create a kitchen that feels grounded and inviting. A space designed not only to look beautiful, but to enhance the way everyday living unfolds.

Cabinetry: Paperbark in Flint Finish from @laminexau 
Benchtops & Splashbacks: Strata Argentum in Rive"
kitchen_inspiration_inc,Kitchen Inspiration Inc,"Kitchen & Bath design-build service since 2010. 
👇Follow us on Houzz 
https://www.houzz.com/pro/kitchen-inspiration-inc/kitchen-inspiration-inc",3693,http://homelovely.com/,,"A modern, soothing, organic bathroom designed like a private spa—soft neutral tones, natural stone, and clean lines. Layered lighting, minimal details, and subtle textures create a calm, restorative space that feels both contemporary and grounded.

#kitcheninspirationbelmont
#kitchendesigners 
#kitc"
swainteriordesign,SWA Interiors,"Interior Design company offering Re-Design Consults, Home Staging & Remodeling for homeowners. Serving DFW, we offer a broad range of design services",3632,http://www.stagewithangela.com/,,"𝐓𝐑𝐀𝐍𝐒𝐅𝐎𝐑𝐌 𝐘𝐎𝐔𝐑 𝐒𝐏𝐀𝐂𝐄 𝐖𝐈𝐓𝐇 𝐄𝐋𝐄𝐆𝐀𝐍𝐓 𝐈𝐍𝐓𝐄𝐑𝐈𝐎𝐑 𝐃𝐄𝐒𝐈𝐆𝐍
SWA Interiors helps clients create beautiful and functional interiors. We design spaces that reflect your style and daily needs.
𝐖𝐇𝐘 𝐂𝐇𝐎𝐎𝐒𝐄 𝐔𝐒
○ Creative Designs
 ○ Custom Solutions
 ○ Professional Service
 ○ Attention To Detail
📞 Phone number: 817-5"
leisurecoastkitchens,Leisure Coast Kitchens,"Bespoke stylish kitchens and custom joinery where design meets function
(02) 4256 5314",3191,http://www.leisurecoastkitchens.com.au/,,"A clean, contemporary vanity designed to elevate the everyday 🤍🛁

Cabinetry: Polyurethane Calcutta Profile colour matched - Aston White 
Stone: @caesarstoneau Snow
Handles: @kethy.australia 
Builder: @evolutionbuildinggroup 
.
.
Leisure Coast Kitchens
124 Industrial Rd Oak Flats
(02) 4256 5314
.
.
#"
littleandfoxinteriordesign,Little & Fox Interior Design ________,"Created by @littleandfoxnz 
Bedroom of the Year 2025 
Award winning Interior Design Firm✨
New Builds | Renovations | Commercial | Residential",2836,https://homemagazine.nz/interior-of-the-year-2025-the-finalists/,,"We recently completed the design of this beautiful kitchen and couldn’t be happier with the result. ✨

We work alongside talented joiners to create beautiful, functional spaces that are tailored to the way you live. From layouts and cabinetry details to colours, finishes and furnishings, we help bri"
hungrite_interiors,,"The Okanagan's Architectural Millwork Specialists.
Also found here⬇️",2657,http://www.instagram.com/hungrite_cnc,,"🚨 Contractors & Builders – Need Millwork Parts Cut and Ready to Assemble? 🚨

HungRite Interiors now offers CNC cutting services for contractors.

Whether you're building:
• Kitchens
• Vanities
• Benches
• Booths
• Custom millwork projects

Bring us your ideas, sketches, or plans and we'll work with "
legioncustomhomebuilders,Legion Custom Home Builders,"We are a custom luxury home builder based in Houston, TX. We specialize in new construction using top-quality materials and a seasoned team.",2493,https://www.houzz.com/pro/legionbuilder/legion-custom-home-builders,,"Both kitchens showcase our passion for precision and function. Drop a 🤎 for the wood tones or a 🤍 for the light style...

Photography: Shawn Sandahl

#HoustonHomesBuilder #LuxuryHomesHouston #CustomHomeBuilder #KitchenDesignBuild #HoustonHomeDesign #LegionCustomHomeBuilders"
rays.electronics,Rays,Home appliances to create a better lifestyle! 💯,2359,https://rays.com.pk/,,"Transform your kitchen, transform your life!

Rays Appliances are now at City Centre Abid Market! Visit today and upgrade your kitchen with the latest in style, technology, and convenience. 

Make every meal a masterpiece!

Shop Now : https://maps.app.goo.gl/LTFcnti7sXsCXYgS8 

#RaysAppliances #Kitc"
kitchenstudionz,Kitchen Studio,Your vision. Our expertise. New Zealand's most trusted kitchen brand for 10 years running.,2354,https://www.kitchenstudio.co.nz/,,"We design kitchens that transform daily life. But here’s what many people don’t realise: we bring that same level of expertise and attention to detail to other spaces in your home too. 

- The mudroom that finally brings order to the chaos of comings and goings.
- The scullery that keeps your kitche"
yab_construction_dallas,YAB Construction | Remodelling,"Your vision, our expertise. The ultimate remodeling experience. 🤝
Full House Remodel 🏠|  Bathroom 🛁 |  Kitchen
FREE Estimate - (832) 872-2328",2234,https://yabconstruction.com/,,"A Kitchen Remodel That Makes a Statement ✨

The details make all the difference.

From the custom glass front cabinetry and quartz countertops to the rich green cabinets and brass hardware, every element of this Frisco kitchen was carefully selected to create a space that feels both luxurious and fu"
roelleliving,Roelleliving,"Design-Build-Installation 
Modern·Luxury•Minimalist·Japandi 
Custom furniture specialist with 6+ years of experience
📍Jakarta
✨ Free consultation ⤵️",2144,https://linktr.ee/roelleliving,,"Ready to create your dream kitchen ✨

Choose according to your needs and space size—using premium materials, professional workmanship, Free delivery, Free instalation, Free measurement, plus a Free survey and consultation (Jakarta & Tangerang).

📌 Upgrade your kitchen now—order now and secure your i"
timberline_kitchens,Timberline Kitchen & Bath,Family Owned Since 1981 • New Construction• Design• Remodels•Installation• A+ BBB rating • 303-777-6788 Monday-Friday 9am-5pm,1796,http://www.timberlinekitchens.com/,,"From first-time cooks to professional chefs, your dream kitchen starts here. 🍳✨ We design spaces that make cooking easier, more enjoyable, and full of flavor.

#kitchendesignbuild #kitchenremodeling #chef #chefskitchen #remodelingservices #denvercolorado #timberlinekitchenandbath"
whispair,Whispair Rangehoods Australia,Award winning premium rangehoods.,1761,https://whispair.com.au/,,"Warm tones, timeless materials and beautifully considered details.
This stunning kitchen by Blue Tea Kitchens pairs the seamless elegance of PITT Cooking with the understated performance of Whispair Rangehoods for a space designed to feel both luxurious and welcoming.

@bluetea_kitchens"
modular_remodeling,Modular Remodeling and Design,"👷🏻‍♂️General Contractor in Bay Area
🏠Home remodels
🏘ADU/Additions 
🛀Bathrooms  | 🍽️Kitchens  | 🏗New Construction
🚧 General B Licensed #1067136 👷🏻‍♀️",1652,https://modularremodeling.com/,,"Modern design. Timeless results. ✨
#KitchenRenovation #HomeRemodeling #DreamKitchen #KitchenDesign #modernkitchen"
aepatelier,A.E.P Atelier,"PT. Adikarya Elemen Permai
Monday - Friday, 08.00AM - 18.00PM
Architecture - Interior
📍Jakarta
""Design oriented projects""🇮🇩",1638,https://bit.ly/4lVADOm,,"Life happens in the kitchen 

#FunctionalArt #KitchenDesignBuild #SageGreenAesthetic #BiophilicKitchen #NeuroDesign #SereneSpaces #JapandiStyle #ArchitecturalDetails #WellnessDesign #ModernIndonesianDesign #InteriorPsychology #SoftMinimalism"
home_emprovment,K&S Improvement LTD,"K&S Improvement LTD
Home renovation
Based in London📍
Making magic in your homes 🏡",1632,https://ksimprovements.co.uk/,,"Want a kitchen that looks great and works even better? Our guide breaks down how to remodel kitchen cabinets properly—from planning the scope and measuring accurately to choosing durable finishes and getting everything aligned for a clean, lasting result. With transparent, quote-led craftsmanship an"
norfolkkitchenandbath,Norfolk Kitchen & Bath,Expert kitchen design & remodeling since 1934 | 6 showrooms in the Greater Boston area,1601,https://linktr.ee/NorfolkKitchenAndBath,,"More than just extra counter space, this island was designed to be the heart of the kitchen.

Designed by Louise from our Manchester, NH showroom, this kitchen combines classic white shaker cabinetry with Silestone quartz countertops and brushed brass accents for a clean, timeless look.

If you were"
joshuaallendesign,Joshua Allen Design,"- New England’s full-scale interior design team
- Renovations • Furnishings & More
📍Braintree + Sterling, MA
Book your FREE 30-min consult ↓",1524,http://www.joshuaallendesign.com/contact,,"After ✨👉✨ before 🤯😍

📞📲 Call, text, or email us to start working on YOUR space’s transformation!

#interiordesign #designer #homedesign #homeinteriors #kitchendesign #kitchengoals #kitcheninspo #kitchendesignbuild"
backconstruction,BACK Construction,"Architect-led design-build
Remodeling • Roofing • Windows & Doors • Home Solutions
Central Kentucky
100% employee-owned since 1981",1514,https://linktr.ee/backconstruction,,"Most kitchen remodels don’t start with a new layout.
They start with friction.

• Prep space that never works
• Traffic patterns that collide
• A kitchen that functions—but poorly

Design helps uncover how a kitchen could work better—before anything is committed.

Exploring is part of the process.
D"
edmondkitchen,Edmond Kitchen & Bath LLC,"Turnkey Design-Build Studio.
Flawless custom cabinetry & complete peace of mind for your new build or remodel. 
Inquire about your project below 👇",1508,http://edmondkitchen.com/,,"Today we’re excited to show you a few highlight pictures of a new construction home we’ve been working on (built by Wayne Griffiths Homes) that we’re calling “The Edge.” We will be featuring more shots of this modern beauty over the next few weeks!  As many of you know, we at EKB Home do not have on"
lgbrandshop_garnetstar,GARNET STAR LG ELECTRONICS SHOWROOM TANZANIA,"Authorised Distributor of LG Electronics 
📱0692 302 888",1497,,,"Upgrade your kitchen game with the powerful Solstar Hand Mixer (MH 3007A-RDB SS)
Perfect for whipping, mixing, and baking with ease designed for performance and style. Get yours today and enjoy effortless cooking every time!
📲 Scan the QR code or contact us to order now.
#GarnetStar #KitchenEssentia"
elliotthomesltd,ELLIOTT HOMES LTD.,"▪︎CUSTOM HOMES
▪︎RENOVATIONS
▪︎DEVELOPED LOTS",1462,http://elliotthomesltd.com/,,"This open kitchen and dining layout was designed to balance everyday function with gathering space. The oversized island provides additional prep area, seating, and storage, while custom cabinetry and layered lighting help create a polished, cohesive design.

#KitchenDesignBuild #ResidentialConstruc"
flanderswoodfloors,Construction Company,"Hardwood Floors Installation & Refinish
Staircase Remodel
Painting & Carpentry
Bathroom & Kitchen
Family business. Fully insured. Free estimates",1373,http://www.flanderswoodfloors.com/,,"Good Evening

After having redone their master bathroom our team was trusted again with another one of their projects and this was long overdue for the homeowners

We did selective demolition - relocated dishwasher , prepared electric for new double-stacked oven, all new tiles in kitchen / laundry a"
homecabinetsshop,HomeCabinets,"Best RTA Shaker Style Cabinets - Factory Direct Online Store
🌐 https://homecabinets.com",1298,,,"Summer tastes better in a bright kitchen.

Watermelon on the counter, lemonade on ice, sunlight on Classic White Shaker cabinets — this is the kind of everyday moment that feels like a vacation.

Fresh, timeless, and made for home.

#ClassicWhiteShaker #KitchenRefresh #SummerHome #CabinetDesign #Whi"
kopiteknikabali,Kopiteknika Bali,You want to improve the quality of coffee served in your coffee shop or café?Or are you about to start a shop or a restaurant?Discover our products 👇,1284,https://linktr.ee/admin_kopi,,"When every order matters, your kitchen needs equipment that can keep up.

The perfect combination for busy restaurants:

✅ Master Chef Heavy Duty Gas Counter Top Griddle
✅ Master Chef Gas Char Broiler / Grill 24""

Create customer favorites with ease:

🍔 Burgers
🥩 Steaks
🥪 Grilled Sandwiches
🥞 Pancak"
momaji_kitchen_studio,Arjun K.Rabari,"Modular kitchen, Acrylic kitchen and wall drop.etc...",1256,https://cardswebsite.com/MOMAJI-MODULAR-KITCHEN--INTERIOR,,"Momaji Kitchen Studio is your trusted choice for elegant interior decor, specializing in stylish beds and customized solutions. Best kitchen interior decorator in Navi Mumbai.
#KitchenDesign #HomeDecor #InteriorDesign #ModularKitchen #KitchenRenovation #NaviMumbai #KitchenInteriors #LuxuryKitchen #C"
prabha_steel,Prabha India,"Prabha Steel® | Since Quality Matters
Quality • Durability • Elegance
Elevating Every Indian Kitchen
🇮🇳 Trusted Across India
#letscooktogether",1210,https://prabhasteel.com/,,"✨ Chipakna Ab Purani Baat! ✨

Breakfast ho ya dinner, ab cooking hogi aur bhi smooth aur hassle-free. 🍳🥞

Prabha Non-Stick Cookware ke advanced stick-resistant coating ke saath dosa, cheela, omelette aur pancakes aasani se banayein — bina chipke, bina extra mehnat ke.

✅ Easy Food Release
✅ Less Oil"
zeusdesignbuild,Jesse Rozay,Vision. Collaboration. Craft~Giving shape to your vision of California Living. #zeusdesignbuild,1096,http://zeusdesignbuild.com/,,"Zeus Design Build, building beautiful spaces in the Bay Area.
———————-/———————-
#builttolast #betterhomesandgardens #adudesignbuild #californialiving☀️🌴 #kitchendesignbuild"
mysocalbuilders,So Cal Builders & Design,So Cal Builders and Design have been helping homes throughout California look perfect one nail and brick at a time.,1008,http://www.mysocalbuilders.com/,,"This stunning contemporary kitchen showcases a seamless blend of warmth, elegance, and functionality. Natural wood cabinetry with sleek black hardware creates a rich, modern aesthetic, while the expansive waterfall-edge stone countertops and full-height matching backsplash add a luxurious touch. 

#"
sunbeltrenewablellc,Sunbelt Renewable LLC,"🏡 Turning houses into homes
🔨 Custom renovations done right
✨ Built around your vision
📍 Arizona
📩 Call or DM for a free quote",993,,,"🏡 Sometimes the difference between a standard kitchen and a custom kitchen comes down to the details.

This kitchen island started as a simple drywall surface. By adding custom trim work, we created depth, dimension, and a finished look that ties the entire kitchen together.

Trim work is one of the"
mrkitchenfl,Mr.Kitchen | Custom Luxury Home Renovations,"Transforming homes since 2005.
Designer Kitchens, Bath, TV Units, Bars and more.
📍South Florida",980,https://linktr.ee/mr.kitchenfl,,"Vizcaya Clubhouse kitchen;
Contemporary finishes, smart storage solutions, and carefully selected materials create a space that is both beautiful and functional ❤️

#KitchenRemodeling #CustomCabinetry #QuartzCountertops #ModernKitchen #ClubhouseDesign"
maxse.saler_,Jamyoung,,935,,,"Tired of messy kitchen workstations? Our multifunctional sink is your ideal pick. Built with versatile functions to meet all your daily kitchen needs, sturdy material ensures long service life. It maximizes limited space, simplifies chores and brings great convenience to every cooking moment.

#Kitc"
carpentrytime,"Carpentry Time, Inc.","Kitchen & Bath Cabinetry | Countertops
Design | Drafting | Installation
Palm Beach County, Florida",930,http://www.carpentrytimeinc.com/,,"Backsplash installation in motion
Quartz meets cabinetry in a seamless visual line, designed to elevate the entire space. From veining direction to edge alignment, every decision is intentional. Clean shaker profiles, warm wood finishes, and matte black hardware complete a look that’s both modern an"
godrejkitchens_lavita,Godrej Interio Kitchens LA VITA,"LA VITA PROJECTS PVT LTD 
Premium Modular Kitchens & Interiors
10 Years Trusted Warranty
Godrej Kitchen Studio 
Branches:  | Calicut | Palakkad
​",899,https://www.youtube.com/channel/UCfpu3hDmFXZfhDyl8OSJI0A,,"Your contractor quoted ₹3 lakh. Your neighbor paid ₹1.2 lakhs for the same size.
Here's the real modular kitchen breakdown for 2026.
Contact us for a free 3D design and consultation.
📞 +91 90729 11111

#ModularKitchen
#KitchenDesign
#HomeRenovation
#InteriorDesign
#KitchenRemodel
#KitchenInspiration"
superiorcontractingaz,SUPERIOR CONTRACTING,"🔹Specializing In Remodels & Additions
🔹Residential & Commercial 
🔹Serving The Greater Phoenix Area 
🔹Every Job Comes With A Happy Ending",866,,,"Not every day you get to meet such a welcoming team and outstanding business like Dream Home Design!

We had the opportunity to tour their entire showroom and see their in-house production process firsthand. Everything is crafted right on-site, and it was truly impressive to witness the quality, cra"
htrendskb,H Trends Kitchen & Bath S/B,We are dealing bathroom Sanitary ware & Kitchen appliances,848,http://www.htrendskb.com.my/,,"🔥🔥🔥 𝐅𝐋𝐀𝐒𝐇 𝐒𝐀𝐋𝐄 🔥🔥🔥
𝐔𝐩𝐠𝐫𝐚𝐝𝐞 𝐲𝐨𝐮𝐫 𝐤𝐢𝐭𝐜𝐡𝐞𝐧 𝐟𝐨𝐫 𝐓𝐎𝐃𝐀𝐘🏠✨

𝓢𝓹𝓮𝓬𝓲𝓪𝓵 𝓓𝓮𝓪𝓵𝓼 𝓸𝓷:
🍳 Cooker Hood
🔥 Gas Hob
🍲 Build-in Microwave
🏗️ Build-in Oven

💥 LIMITED TIME ONLY 💥
Grab these amazing prices before they’re gone! 🚀

✅ Stylish Design
✅ Best Value for Your 

PM us for more details!
📲 WhatApp now : https://wa.me"
gyan.11111,Gyaaneshwar jaiswal,30may,821,https://wa.me/918858941111?countryCode=91&countryName=IN&phoneNumber=8858941111,,"Discover high-quality Kajaria Eternity Wall Tiles at NEW SADGURU STEEL in Faizabad. Enhance your spaces with durable and stylish eternity tiles Faizabad for a perfect finish.
#KajariaEternityTiles #FaizabadTiles #HomeDecor #InteriorDesign #TileShop #UttarPradeshTiles #KitchenRenovation #BathroomDesi"
renovatememphis,Renovate Memphis,"Whatever your project is, Renovate Memphis is friendly, passionate, and committed to your renovation. Call us today for a personal consultation.",732,https://www.renovatememphis.com/,,"Most homeowners don't think about their roof until a problem becomes impossible to ignore.

Your roof is one of the most important parts of your home, protecting everything underneath it from rain, wind, heat, and changing weather conditions. Small roofing issues can develop over time and lead to la"
white.marble.house,White Marble House,Only one stop shop for all your TILES & WALL CLADDING requirements. Do visit us if if you want to EXPERIENCE a TOTALLY DIFFERENT COLLECTION.,621,,,"Discover stylish and functional wardrobes at Kitchen & Bath by White Marble House. Perfect for bathroom remodels near me, enhancing storage and design in your home.
#HomeDecor #KitchenAndBath #WardrobeDesign #BathroomRemodel #InteriorDesign #HomeImprovement #KitchenRenovation #MarbleHouse #DesignIns"
central_valley_construction,Central Valley Construction,Specializing in Quality and Dependability,591,http://www.cvcfresno.net/,,"Kitchen makeover in progress, stay tuned. #remodeling #concepttocompletion #kitchendesign #kitchenremodeling #kraftmaidcabinetry"
tmakrestoration,TMAK Restoration | Get TMAK’D!,"Kitchen & Bathroom Remodeling 
30 years of professional experience.
Call or text 216-287-0877 or tap “Contact” ⬇️",590,https://tmakrestorations.com/,,"Kitchen renovation contractor delivering efficient layouts, durable materials, and stylish finishes. TMAK Restorations ensures lasting quality. Contact TMAK Restorations for renovation services today!

Visit Now: https://tmakrestorations.com/service-areas/kitchen-remodeling-in-chesterland-oh/

#kitc"
boramino_home,보라미노 홈🏠💚,"| 아이있는 집 👶🏻🩵
| FTC 24기
| 오늘의집 집들이",542,https://ozip.me/VeEn8MX,,":
비포애프터로 비교해보는 우리집 주방✨

특별할 건 없지만 최대한 깔끔하고 넓어보일 수 있게
집 전체 톤에 맞춰서 리모델링했는데 어떤가요?"
siddeshwarhardware,Shree Siddeshwar Hardware Belgaum,"ALL PLUMBING MATERIAL & SERVICE AVAILABLE.. ESSCO BY JAQUAR..7204337051
श्री सिद्धेश्वर प्लंबींग अँड हार्डवेअर 
टिळक चौक, रामलिंगखिंड गल्ली,बेळगांव.",536,,,"Shree Siddheshwar Plumbing & Hardware offers top-quality quartz and functional kitchen sinks along with a wide range of plumbing supplies in Belgaum to meet all your building needs.
#plumbing #plumbing supplies #kitchen sinks #quartz sinks #functional sinks #building materials #construction #Belgaum"
knremodelinginc,KN Remodeling,"✨WE SPECIALIZE IN INTERIOR AND EXTERIOR HOME RENOVATIONS 👷🏼‍♂️
-BATHROOM 🚿
-KITCHEN 💫
-ADU 🏘",515,https://kn-remodeling.com/,,"Turn an outdated home into a modern masterpiece with KN Remodeling & Supplies Inc., a premium Los Angeles remodeling company specializing in luxury home transformations, kitchen remodeling, interior remodeling, and high-end design-build renovations.

From dated layouts and old finishes to bright ope"
skwoodspaces,SK Woodspaces,"We are your one stop for Customised Kitchen, Closets, Laundry and Vanity. 
We have are own manufacturing here in 🇨🇦
📞 +1 3653843030",503,http://www.skwoodspaces.ca/,,"📩 DM us for a free consultation.

📞 3653843030
📧 info@skwoodspaces.ca

#CustomKitchen #KitchenRenovation #KitchenDesign #CabinetMaker #CustomCabinetry #skwoodspaces #refacingkitchen"
ecadhomes,ECAD HOMES,"Tarion, HCRA Registered Custom home builder in GTA area.
Home Improvement ✨#ecadhomes 
📧 info@ecadhomes.ca
📞 (647) 407 8030",485,https://ecadhomes.ca/,,"Luxury Kitchens Start with Custom Cabinetry: Designed, Built & Installed by ECAD Homes

Your kitchen deserves more than off-the-shelf solutions, it deserves the artistry, precision, and lasting quality of custom luxury cabinetry by ECAD Homes.
We don’t just renovate kitchens, we transform them into "
iremodelhomerenovation,iRemodel Home Renovation Toronto,"Providing custom design solutions with professional craftsmanship.✨
Home Renovation: Kitchen and Bathroom Remodeling
📞(416) 825-2542
info@iremodel.ca",450,https://www.iremodel.ca/,,"HOW TO PLAN A SUCCESSFUL KITCHEN RENOVATION 🏡✨

A kitchen renovation is one of the best investments you can make in your home, but proper planning is the key to success! 🍽️ From setting a realistic budget and choosing the right layout to selecting materials, appliances, and finishes, every decision "
ajfrenovation,AJF Renovations,Local builders in the West Mids w/ 20 Years experience.  We cover all aspects of your home improvement needs.,411,,,"🔨 Wednesday project update from a recently completed job in Gornal 🔨 

This small kitchen floor was tiled following the installation of a new kitchen. To ensure a high-quality finish, the plinths were removed and trimmed, the floor was primed, and a self-levelling compound was applied prior to tilin"
newform_kitchen,Luxury Kitchen & Bath & Closets,"Your home - our kitchen. Made with heart, designed for you.
📍Orange County / LA / San Diego 
Visit our site or large showroom for free estimate👇🏼",394,https://linktr.ee/newform_furniture,,"When people search for a Kitchen Remodel Near Me, they are often really searching for better order. Smart storage features can change how a room feels every single day. Visit the website to see what custom solutions can look like.

Newform Kitchen & More
 1385 S State College Blvd, Anaheim, CA 92806"
brucksch_and_sons,Brucksch & Sons Remodeling,"BSC specializes in bathroom & kitchen renovations and home additions in Pasadena, Severna Park, Annapolis, and other areas in Northern AA county.",316,http://bruckschandsons.com/,,"🚨 This Doesn't Even Look Like the Same Kitchen Anymore...

Just weeks ago, this Pasadena kitchen was a construction zone. Now? The cabinets are installed, the flooring is down, the backsplash is making a statement, and the entire space is starting to feel like the heart of the home again.

But here'"
jakejimcoconstruction,"Jake Short, Jimco Construction","We will bring your vision to life
CONTACT US ⬇️⬇️",312,https://linktr.ee/jimco.construction?utm_source=linktree_admin_share,,"Since 1981, JIMCO Construction has proudly served North Texas with integrity, experience, and dedication. For over four decades, we've helped homeowners and businesses bring their visions to life through quality craftsmanship and dependable service.

Whether you're planning a kitchen or bathroom rem"
lucidhomedesigns,Lucid Home Designs,"Dream Home Makeover
Your trusted contractor with an interior design eye.
Woman-owned business
DM or email us for questions
lucidhomedesigns@gmail.com",288,,,"✨Picture perfect kitchen from every angle 📸

#LucidHomeDesigns #KitchenRenovation #KitchenRemodel #KitchenDesign #SeattleRemodel #SeattleRealEstate"
kitchen.scene,Kitchen Scene,"One of South Australia’s leading and most respected manufacturers of high quality, value for money kitchens",271,,,"Get Your New Kitchen Designed by a Local Kitchen Renovator & Get FREE in-home consultation and get a FREE quote*
Kitchen Scene, Proud Supporters of Local Schools and Future Leaders.

From school sports days to community fundraisers, Kitchen Scene is proud to support schools across the Spencer Gulf r"
cmcpaintingaz,Coats of Many Colors Painting,"🏡 Interiors - Exteriors - Cabinet Refinishing
🏜️ West Valley Arizona
⭐ 5-Star Rated
🗓️ DM to Grab a Spot 
📄 Licensed - Bonded - Insured 
📖 ✝️",247,https://cmcpaint.com/,,"𝙆𝙞𝙩𝙘𝙝𝙚𝙣 𝙂𝙡𝙤𝙬 𝙐𝙥

Old, outdated cabinets make your entire space feel dark and cramped. No matter how much light you get, they drag the room down.

The good news? You don't need a massive, dusty demolition to completely change the vibe of the room.

This side-by-side shows exactly what's possible when"
honeycutt.group,Honeycutt Group | Kitchen & Bath Remodel | Flooring | Salisbury,"Salisbury's top choice for quality cabinets, flooring, and remodeling services.
🏠 Kitchen Remodel | Bathroom Remodel
🛠️ Countertops | Flooring",207,https://m.mtrbio.com/honeycutt-group,,"Type ""best remodeler in Salisbury"" into any AI. Six different platforms. One answer.

These aren't six versions of the same search. They're six separate systems that don't share data, don't coordinate, and keep landing on us. We didn't engineer that. We just kept doing the work. 25 years of it.

Whe"
chowdeshwarikitchen,Chowdeshwari Kitchen Equipments,"🔧  Commercial Kitchen Equipment Manufacturer
🔹  Design | Supply | Install | Commission
🍽️  Crafted to Fit Every Kitchen's Needs
📍  Bangalore",204,https://www.chowdeshwarikitchens.in/,,"More orders are a good problem to have—unless your kitchen isn't ready for them.

As bookings grow and order notifications keep coming in, the right kitchen setup can make all the difference. Efficient equipment helps your team work faster, serve better, and handle demand with confidence.

Upgrade y"
